{
	"sources" : 
	[
		{
			"file" : "C:/ncs/v1.5.1/example_training/share_temp_data_nrf5340/blinky_appcore/build_nrf5340dk_nrf5340_cpuappns/modules/nrf/samples/CMakeFiles/spm_subimage"
		},
		{
			"file" : "C:/ncs/v1.5.1/example_training/share_temp_data_nrf5340/blinky_appcore/build_nrf5340dk_nrf5340_cpuappns/modules/nrf/samples/CMakeFiles/spm_subimage.rule"
		},
		{
			"file" : "C:/ncs/v1.5.1/example_training/share_temp_data_nrf5340/blinky_appcore/build_nrf5340dk_nrf5340_cpuappns/modules/nrf/samples/CMakeFiles/spm_subimage-complete.rule"
		},
		{
			"file" : "C:/ncs/v1.5.1/example_training/share_temp_data_nrf5340/blinky_appcore/build_nrf5340dk_nrf5340_cpuappns/modules/nrf/samples/spm_subimage-prefix/src/spm_subimage-stamp/spm_subimage-install.rule"
		},
		{
			"file" : "C:/ncs/v1.5.1/example_training/share_temp_data_nrf5340/blinky_appcore/build_nrf5340dk_nrf5340_cpuappns/modules/nrf/samples/spm_subimage-prefix/src/spm_subimage-stamp/spm_subimage-mkdir.rule"
		},
		{
			"file" : "C:/ncs/v1.5.1/example_training/share_temp_data_nrf5340/blinky_appcore/build_nrf5340dk_nrf5340_cpuappns/modules/nrf/samples/spm_subimage-prefix/src/spm_subimage-stamp/spm_subimage-download.rule"
		},
		{
			"file" : "C:/ncs/v1.5.1/example_training/share_temp_data_nrf5340/blinky_appcore/build_nrf5340dk_nrf5340_cpuappns/modules/nrf/samples/spm_subimage-prefix/src/spm_subimage-stamp/spm_subimage-update.rule"
		},
		{
			"file" : "C:/ncs/v1.5.1/example_training/share_temp_data_nrf5340/blinky_appcore/build_nrf5340dk_nrf5340_cpuappns/modules/nrf/samples/spm_subimage-prefix/src/spm_subimage-stamp/spm_subimage-patch.rule"
		},
		{
			"file" : "C:/ncs/v1.5.1/example_training/share_temp_data_nrf5340/blinky_appcore/build_nrf5340dk_nrf5340_cpuappns/modules/nrf/samples/spm_subimage-prefix/src/spm_subimage-stamp/spm_subimage-configure.rule"
		},
		{
			"file" : "C:/ncs/v1.5.1/example_training/share_temp_data_nrf5340/blinky_appcore/build_nrf5340dk_nrf5340_cpuappns/modules/nrf/samples/spm_subimage-prefix/src/spm_subimage-stamp/spm_subimage-build.rule"
		}
	],
	"target" : 
	{
		"labels" : 
		[
			"spm_subimage"
		],
		"name" : "spm_subimage"
	}
}